Labels,Part,Source,Notes,Est Price (At 25 tracker count)
"C1, C2, C6, C7, C9, C12, C13, C14, C16, C17, C21","Capacitor, 0603 0.1uF 25V X7R",1276-1006-1-ND,,0.06864
C3,"Capacitor, 0603 10pF 16V+ NP0",1276-2156-1-ND,,0.012
"C4, C5","Capacitor, 0603 47pF 16V+ NP0",1276-1037-1-ND,,0.0136
C8,"Capacitor, 0603 10uF 16V+ X5R+",587-3238-1-ND,,0.1956
"C10, C11","Capacitor, 0603 22pF 16V+ NP0",1276-2227-1-ND,,0.0132
"C15, C19","Capacitor, SMD 47uF 25V",493-9881-1-ND,,0.116
C18,"Capacitor, SMD 100uF 25V",493-2113-1-ND,,0.2184
C20,"Capacitor, 0603 0.22uF 16V X7R",1276-1112-1-ND,,0.0236
D1,"Diode GP, SOD-323 1N4148",1655-1359-1-ND,,0.1084
D2,"Zener Diode Vz< 8V, SC-90",DZ2J051M0LCT-ND,,0.1648
F1,"PTC, 1812 500mA >10V",MF-MSMF050-2CT-ND,,0.211
FB1,0805 Ferrite Bead 220 OHM 0805 1LN,490-1054-1-ND,,0.09
P1,"female swiss header .1"" 5 position straight",SAM1119-32-ND,,0.39
P2,"Mini B USB SMD, Right Angle, 5Pos",151-1206-1-ND,,0.5048
P3,"4 Pos, Screw Terminal Block, 0.100"" pitch Through hole",ED10563-ND,,0.926
PWR1,DC 5.1mm power jack,CP-202A-ND,,0.651
Q1,BCV27 NPN Darlington Transistor SOT-23-3,BCV27CT-ND,,0.179
Q2,QRE1113,QRE1113GRCT-ND,,0.672
"Q3, Q4","P Channel Mosfet, SOT-23, DMG3415U-7",DMG3415UDICT-ND,,0.772
"R1, R2","Resistor, 0603, 22 Ohm, 5%",311-22GRCT-ND,,0.0054
"R3, R4, R10","Resistor, 0603, 1k Ohm, 5%",311-1.0KGRCT-ND,,0.0054
"R5, R7, R8, R11, R13, R14, R16, R24","Resistor, 0603, 10k Ohm, 1%",311-10.0KHRCT-ND,,0.0052
"R6, R17, R19, R22","Resistor, 0603, 20k Ohm, 5%",311-20KGRCT-ND,,0.004
"R9, R18","Resistor, 0603, 100k Ohm, 5%",311-100KGRCT-ND,,0.0054
R12,"Resistor, 0603, 100 Ohm, 5%",311-100GRCT-ND,,0.0072
R15,"Resistor, 0603, 5.1k Ohm, 5%",311-5.1KGRCT-ND,,0.0072
"R20, R23","Resistor, 0603, 0.11 Ohm, 1%",P17448CT-ND,,0.1634
R21,"Resistor, 0603, 169k Ohm, 1%",311-169KHRCT-ND,,0.0092
U1,Atmega329P TQFP32,ATMEGA328P-AURCT-ND,,3.064
U2,FTDI USB to UART FT231XQ-R TQFP32,768-1128-1-ND,,2.05
U3,"LMV358IDGKR, Tail to Rail Op-Amp, 8-TSSOP",296-13455-1-ND,,0.68
U4,Allegro A4988,620-1343-1-ND,,2.795
U5,"5V Linear Regulator 5V 1A, SOT-223",NCP1117ST50T3GOSCT-ND,,0.391
Y1,HC49 16 Mhz Crystal,535-13436-1-ND,,0.204
,,,,
,,,,
,,,,
,,,,14.72644
